{
  "project_info": {
    "project_number": "313296815813",
    "firebase_url": "https://xenon-petal-806.firebaseio.com",
    "project_id": "xenon-petal-806",
    "storage_bucket": "xenon-petal-806.appspot.com"
  },
  "client": [
    {
      "client_info": {
        "mobilesdk_app_id": "1:313296815813:android:801ba5bc46bd7c51e092ac",
        "android_client_info": {
          "package_name": "com.indianradio"
        }
      },
      "oauth_client": [
        {
          "client_id": "313296815813-0977adv7e9hmmrrmoktegstffjapt2fc.apps.googleusercontent.com",
          "client_type": 1,
          "android_info": {
            "package_name": "com.indianradio",
            "certificate_hash": "3d92391989c17a0dcf5962e7f95d23789a6735a8"
          }
        },
        {
          "client_id": "313296815813-vj73mf7vtrjd915jsbtr2su2sicjb6r6.apps.googleusercontent.com",
          "client_type": 1,
          "android_info": {
            "package_name": "com.indianradio",
            "certificate_hash": "f50e2fc8b690f4a0036d8d873514000b71711c81"
          }
        },
        {
          "client_id": "313296815813-9bvfids8mhot1348od3ep1kcdq942jpc.apps.googleusercontent.com",
          "client_type": 3
        }
      ],
      "api_key": [
        {
          "current_key": "AIzaSyDcn43bZlkv8TIG11wD8BUIK_e9m2uL-2M"
        }
      ],
      "services": {
        "appinvite_service": {
          "other_platform_oauth_client": [
            {
              "client_id": "313296815813-9bvfids8mhot1348od3ep1kcdq942jpc.apps.googleusercontent.com",
              "client_type": 3
            },
            {
              "client_id": "313296815813-uhlcvc5g59dimtj20h24jojperc11nfp.apps.googleusercontent.com",
              "client_type": 2,
              "ios_info": {
                "bundle_id": "com.indianradio.desiradio",
                "app_store_id": "909867505"
              }
            }
          ]
        }
      }
    }
  ],
  "configuration_version": "1"
}