<?xml version="1.0" encoding="UTF-8"?>
<issues format="6" by="lint 7.3.0" type="baseline" client="gradle" dependencies="false" name="AGP (7.3.0)" variant="fatal" version="7.3.0">

    <issue
        id="MissingDefaultResource"
        message="The dimen &quot;player_adview_thirty_dp&quot; in values-sw480dp has no declaration in the base `values` folder; this can lead to crashes when the resource is queried in a configuration that does not match this qualifier"
        errorLine1="    &lt;dimen name=&quot;player_adview_thirty_dp&quot;>30dp&lt;/dimen>"
        errorLine2="           ~~~~~~~~~~~~~~~~~~~~~~~~~~~~~~">
        <location
            file="src/main/res/values-sw480dp/dimens.xml"
            line="6"
            column="12"/>
    </issue>

    <issue
        id="MissingDefaultResource"
        message="The dimen &quot;player_adview_fifty_dp&quot; in values-sw480dp has no declaration in the base `values` folder; this can lead to crashes when the resource is queried in a configuration that does not match this qualifier"
        errorLine1="    &lt;dimen name=&quot;player_adview_fifty_dp&quot;>50dp&lt;/dimen>"
        errorLine2="           ~~~~~~~~~~~~~~~~~~~~~~~~~~~~~">
        <location
            file="src/main/res/values-sw480dp/dimens.xml"
            line="7"
            column="12"/>
    </issue>

    <issue
        id="MissingDefaultResource"
        message="The dimen &quot;Drawer_img_size&quot; in values-sw480dp has no declaration in the base `values` folder; this can lead to crashes when the resource is queried in a configuration that does not match this qualifier"
        errorLine1="    &lt;dimen name=&quot;Drawer_img_size&quot;>37dp&lt;/dimen>"
        errorLine2="           ~~~~~~~~~~~~~~~~~~~~~~">
        <location
            file="src/main/res/values-sw480dp/dimens.xml"
            line="12"
            column="12"/>
    </issue>

    <issue
        id="MissingDefaultResource"
        message="The drawable &quot;player_tab_added_favorites_icon&quot; in drawable-sw600dp has no declaration in the base `drawable` folder or in a `drawable-`*density*`dpi` folder; this can lead to crashes when the drawable is queried in a configuration that does not match this qualifier"
        errorLine1="&lt;vector android:height=&quot;35dp&quot; android:viewportHeight=&quot;86.001&quot;"
        errorLine2=" ~~~~~~">
        <location
            file="src/main/res/drawable-sw600dp/player_tab_added_favorites_icon.xml"
            line="1"
            column="2"/>
    </issue>

    <issue
        id="MissingDefaultResource"
        message="The drawable &quot;player_tab_favorite_icon&quot; in drawable-sw600dp has no declaration in the base `drawable` folder or in a `drawable-`*density*`dpi` folder; this can lead to crashes when the drawable is queried in a configuration that does not match this qualifier"
        errorLine1="&lt;vector android:height=&quot;35dp&quot; android:viewportHeight=&quot;333.701&quot;"
        errorLine2=" ~~~~~~">
        <location
            file="src/main/res/drawable-sw600dp/player_tab_favorite_icon.xml"
            line="1"
            column="2"/>
    </issue>

    <issue
        id="MissingDefaultResource"
        message="The drawable &quot;player_tab_layout_st_list_icon&quot; in drawable-sw600dp has no declaration in the base `drawable` folder or in a `drawable-`*density*`dpi` folder; this can lead to crashes when the drawable is queried in a configuration that does not match this qualifier"
        errorLine1="&lt;vector android:height=&quot;35dp&quot; android:viewportHeight=&quot;329.707&quot;"
        errorLine2=" ~~~~~~">
        <location
            file="src/main/res/drawable-sw600dp/player_tab_layout_st_list_icon.xml"
            line="1"
            column="2"/>
    </issue>

    <issue
        id="MissingDefaultResource"
        message="The drawable &quot;player_tab_layout_timer_icon&quot; in drawable-sw600dp has no declaration in the base `drawable` folder or in a `drawable-`*density*`dpi` folder; this can lead to crashes when the drawable is queried in a configuration that does not match this qualifier"
        errorLine1="&lt;vector android:height=&quot;35dp&quot; android:viewportHeight=&quot;58.153&quot;"
        errorLine2=" ~~~~~~">
        <location
            file="src/main/res/drawable-sw600dp/player_tab_layout_timer_icon.xml"
            line="1"
            column="2"/>
    </issue>

    <issue
        id="MissingDefaultResource"
        message="The drawable &quot;player_tab_loading_button_icon&quot; in drawable-sw600dp has no declaration in the base `drawable` folder or in a `drawable-`*density*`dpi` folder; this can lead to crashes when the drawable is queried in a configuration that does not match this qualifier"
        errorLine1="&lt;vector android:height=&quot;35dp&quot; android:viewportHeight=&quot;304.892&quot;"
        errorLine2=" ~~~~~~">
        <location
            file="src/main/res/drawable-sw600dp/player_tab_loading_button_icon.xml"
            line="1"
            column="2"/>
    </issue>

    <issue
        id="MissingDefaultResource"
        message="The drawable &quot;player_tab_mute_icon&quot; in drawable-sw600dp has no declaration in the base `drawable` folder or in a `drawable-`*density*`dpi` folder; this can lead to crashes when the drawable is queried in a configuration that does not match this qualifier"
        errorLine1="&lt;vector android:height=&quot;30dp&quot; android:viewportHeight=&quot;153.667&quot;"
        errorLine2=" ~~~~~~">
        <location
            file="src/main/res/drawable-sw600dp/player_tab_mute_icon.xml"
            line="1"
            column="2"/>
    </issue>

    <issue
        id="MissingDefaultResource"
        message="The drawable &quot;player_tab_native_ad_close_btn_icon&quot; in drawable-sw600dp has no declaration in the base `drawable` folder or in a `drawable-`*density*`dpi` folder; this can lead to crashes when the drawable is queried in a configuration that does not match this qualifier"
        errorLine1="&lt;vector android:height=&quot;30dp&quot; android:viewportHeight=&quot;612.0&quot;"
        errorLine2=" ~~~~~~">
        <location
            file="src/main/res/drawable-sw600dp/player_tab_native_ad_close_btn_icon.xml"
            line="1"
            column="2"/>
    </issue>

    <issue
        id="MissingDefaultResource"
        message="The drawable &quot;player_tab_play_btn_icon&quot; in drawable-sw600dp has no declaration in the base `drawable` folder or in a `drawable-`*density*`dpi` folder; this can lead to crashes when the drawable is queried in a configuration that does not match this qualifier"
        errorLine1="&lt;vector android:height=&quot;24dp&quot; android:viewportHeight=&quot;41.999&quot;"
        errorLine2=" ~~~~~~">
        <location
            file="src/main/res/drawable-sw600dp/player_tab_play_btn_icon.xml"
            line="1"
            column="2"/>
    </issue>

    <issue
        id="MissingDefaultResource"
        message="The drawable &quot;player_tab_record_icon&quot; in drawable-sw600dp has no declaration in the base `drawable` folder or in a `drawable-`*density*`dpi` folder; this can lead to crashes when the drawable is queried in a configuration that does not match this qualifier"
        errorLine1="&lt;vector android:height=&quot;35dp&quot; android:viewportHeight=&quot;30.051&quot;"
        errorLine2=" ~~~~~~">
        <location
            file="src/main/res/drawable-sw600dp/player_tab_record_icon.xml"
            line="1"
            column="2"/>
    </issue>

    <issue
        id="MissingDefaultResource"
        message="The drawable &quot;player_tab_recording_icon&quot; in drawable-sw600dp has no declaration in the base `drawable` folder or in a `drawable-`*density*`dpi` folder; this can lead to crashes when the drawable is queried in a configuration that does not match this qualifier"
        errorLine1="&lt;vector android:height=&quot;35dp&quot; android:viewportHeight=&quot;286.054&quot;"
        errorLine2=" ~~~~~~">
        <location
            file="src/main/res/drawable-sw600dp/player_tab_recording_icon.xml"
            line="1"
            column="2"/>
    </issue>

    <issue
        id="MissingDefaultResource"
        message="The drawable &quot;player_tab_seek_bar_icon&quot; in drawable-sw600dp has no declaration in the base `drawable` folder or in a `drawable-`*density*`dpi` folder; this can lead to crashes when the drawable is queried in a configuration that does not match this qualifier"
        errorLine1="&lt;vector android:height=&quot;24dp&quot; android:viewportHeight=&quot;13.05&quot;"
        errorLine2=" ~~~~~~">
        <location
            file="src/main/res/drawable-sw600dp/player_tab_seek_bar_icon.xml"
            line="1"
            column="2"/>
    </issue>

    <issue
        id="MissingDefaultResource"
        message="The drawable &quot;player_tab_share_icon&quot; in drawable-sw600dp has no declaration in the base `drawable` folder or in a `drawable-`*density*`dpi` folder; this can lead to crashes when the drawable is queried in a configuration that does not match this qualifier"
        errorLine1="&lt;vector android:height=&quot;35dp&quot; android:viewportHeight=&quot;88.1&quot;"
        errorLine2=" ~~~~~~">
        <location
            file="src/main/res/drawable-sw600dp/player_tab_share_icon.xml"
            line="1"
            column="2"/>
    </issue>

    <issue
        id="MissingDefaultResource"
        message="The drawable &quot;player_tab_stop_btn_icon&quot; in drawable-sw600dp has no declaration in the base `drawable` folder or in a `drawable-`*density*`dpi` folder; this can lead to crashes when the drawable is queried in a configuration that does not match this qualifier"
        errorLine1="&lt;vector android:height=&quot;35dp&quot; android:viewportHeight=&quot;360.72&quot;"
        errorLine2=" ~~~~~~">
        <location
            file="src/main/res/drawable-sw600dp/player_tab_stop_btn_icon.xml"
            line="1"
            column="2"/>
    </issue>

    <issue
        id="MissingDefaultResource"
        message="The drawable &quot;player_tab_volume_up_icon&quot; in drawable-sw600dp has no declaration in the base `drawable` folder or in a `drawable-`*density*`dpi` folder; this can lead to crashes when the drawable is queried in a configuration that does not match this qualifier"
        errorLine1="&lt;vector android:height=&quot;30dp&quot; android:viewportHeight=&quot;153.665&quot;"
        errorLine2=" ~~~~~~">
        <location
            file="src/main/res/drawable-sw600dp/player_tab_volume_up_icon.xml"
            line="1"
            column="2"/>
    </issue>

    <issue
        id="MissingDefaultResource"
        message="The drawable &quot;player_tab_youtube_logo_icon&quot; in drawable-sw600dp has no declaration in the base `drawable` folder or in a `drawable-`*density*`dpi` folder; this can lead to crashes when the drawable is queried in a configuration that does not match this qualifier"
        errorLine1="&lt;vector android:height=&quot;35dp&quot; android:viewportHeight=&quot;18.136&quot;"
        errorLine2=" ~~~~~~">
        <location
            file="src/main/res/drawable-sw600dp/player_tab_youtube_logo_icon.xml"
            line="1"
            column="2"/>
    </issue>

</issues>
